<?xml version="1.0" encoding="utf-8" ?>
<ThingDefs>
  <ThingDef Name="HatBase" ParentName="ApparelBase" Abstract="True">
    <thingCategories>
      <li>Headgear</li>
    </thingCategories>
  </ThingDef>

  <ThingDef Name="HatMakeableBase" ParentName="ApparelMakeableBase" Abstract="True">
    <thingCategories>
      <li>Headgear</li>
    </thingCategories>
  </ThingDef>

  <ThingDef Name="ArmorHelmetMakeableBase" ParentName="ArmorMakeableBase" Abstract="True">
    <thingCategories>
      <li>Headgear</li>
    </thingCategories>
  </ThingDef>

  <ThingDef ParentName="ArmorHelmetMakeableBase">
    <defName>ApiniHoneyGlassHelmet</defName>
    <label>honey glass helmet</label>
    <description>Armor made from tempered honey and apini secrets. Despite being made from honey, this armor is often a blue hue due to the synthread matrix. \n Provide protection against honey-thirsty humans.</description>
    <techLevel>Industrial</techLevel>
    <graphicData>
      <texPath>Clothes/beehelmet_front</texPath>
      <graphicClass>Graphic_Single</graphicClass>
    </graphicData>
    <costList>
      <ApiniHoney>30</ApiniHoney>
      <Synthread>5</Synthread>
    </costList>
    <statBases>
      <WorkToMake>6000</WorkToMake>
      <MaxHitPoints>50</MaxHitPoints>
      <Mass>2</Mass>
      <ArmorRating_Blunt>0.1</ArmorRating_Blunt>
      <ArmorRating_Sharp>0.25</ArmorRating_Sharp>
    </statBases>
    <equippedStatOffsets>
      <MoveSpeed>-0.04</MoveSpeed>
      <PsychicSensitivity>-0.10</PsychicSensitivity>
    </equippedStatOffsets>
    <apparel>
      <bodyPartGroups>
        <li>UpperHead</li>
      </bodyPartGroups>
      <worngraphicPath>Clothes/beehelmet</worngraphicPath>
      <layers>
        <li>Overhead</li>
      </layers>
      <commonality>1</commonality>
      <tags>
        <li>Apini</li>
      </tags>
    </apparel>
        <colorGenerator Class="ColorGenerator_Options">
      <options>
        <li>
          <weight>10</weight>
          <only>RGB(207,241,255)</only>
        </li>
        <li>
          <weight>10</weight>
          <only>RGB(134,150,223)</only>
        </li>
        <li>
          <weight>6</weight>
          <min>RGB(0,104,149)</min>
          <max>RGB(77,255,249)</max>
        </li>
        <li>
          <weight>10</weight>
          <only>RGB(255,168,43)</only>
        </li>
      </options>
    </colorGenerator>
  </ThingDef>

</ThingDefs>