<?xml version="1.0" encoding="utf-8" ?>
<Defs>

  <!-- General things -->
  <TerrainDef Name="HoneyTerrainBase" Abstract="True">
    <layerable>false</layerable>
    <designationCategory>Apitecture</designationCategory>
    <edgeType>Water</edgeType>
    <fertility>0</fertility>
    <affordances>
      <li>ShallowWater</li>
      <li>Bridgeable</li>
    </affordances>
    <avoidWander>true</avoidWander>
    <holdSnow>false</holdSnow>
    <takeSplashes>true</takeSplashes>
    <extinguishesFire>true</extinguishesFire>
    <takeFootprints>True</takeFootprints>
    <resourcesFractionWhenDeconstructed>0</resourcesFractionWhenDeconstructed>
    <statBases>
      <Beauty>4</Beauty>
      <WorkToBuild>100</WorkToBuild>
    </statBases>
    <waterDepthShaderParameters>
      <_UseWaterOffset>1</_UseWaterOffset>
    </waterDepthShaderParameters>
  </TerrainDef>

  <TerrainDef ParentName="HoneyTerrainBase">
    <defName>Honey_Shallow</defName>
    <texturePath>Things/Terrain/HoneyShallowRamp</texturePath>
    <waterDepthShader>Map/WaterDepth</waterDepthShader>
    <label>Honey (shallow)</label>
    <description>A shallow pool filled with honey that has been treated to lose its stickiness.\n\n•Slows movement only slightly.\n•Use for recreation.</description>
    <renderPrecedence>393</renderPrecedence>
    <passability>Standable</passability>
    <pathCost>10</pathCost>
    <costList>
      <ApiniHoney>5</ApiniHoney>
    </costList>
  </TerrainDef>

  <TerrainDef ParentName="HoneyTerrainBase">
    <defName>Honey_Deep</defName>
    <texturePath>Things/Terrain/HoneyDeepRamp</texturePath>
    <waterDepthShader>Map/WaterDepth</waterDepthShader>
    <label>Honey (deep)</label>
    <description>A deep pool filled with honey that has been treated to lose its stickiness.\n\n•Slows movement only slightly.\n•Use for recreation.</description>
    <renderPrecedence>394</renderPrecedence>
    <passability>Standable</passability>
    <pathCost>30</pathCost>
    <costList>
      <ApiniHoney>10</ApiniHoney>
    </costList>
  </TerrainDef>

  <TerrainDef ParentName="HoneyTerrainBase">
    <defName>Honey_StickyShallow</defName>
    <texturePath>Things/Terrain/StickyHoneyShallowRamp</texturePath>
    <waterDepthShader>Map/WaterDepth</waterDepthShader>
    <label>Sticky honey (shallow)</label>
    <description>A shallow pool filled with extra sticky honey.\n\n•Slows movement a great deal.\n•Use for base defenses.</description>
    <renderPrecedence>395</renderPrecedence>
    <passability>Standable</passability>
    <pathCost>80</pathCost>
    <costList>
      <ApiniHoney>5</ApiniHoney>
      <Pollen>20</Pollen>
    </costList>
    <color>(.9, .9, .9)</color>
  </TerrainDef>

  <TerrainDef ParentName="HoneyTerrainBase">
    <defName>Honey_StickyDeep</defName>
    <texturePath>Things/Terrain/StickyHoneyDeepRamp</texturePath>
    <waterDepthShader>Map/WaterDepth</waterDepthShader>
    <label>Sticky honey (deep)</label>
    <description>A deep pool filled with extra sticky honey.\n\n•Slows movement a great deal.\n•Use for base defenses.</description>
    <renderPrecedence>396</renderPrecedence>
    <passability>Standable</passability>
    <pathCost>95</pathCost>
    <costList>
      <ApiniHoney>10</ApiniHoney>
      <Pollen>40</Pollen>
    </costList>
    <color>(.9, .9, .9)</color>
  </TerrainDef>
</Defs>
