<?xml version="1.0" encoding="utf-8" ?>
<LanguageData>
<!-- Alien data -->
<Apini.label>apini</Apini.label>
<Apini.description>Genetically modified giant sentient bee-ings. Originally created by humans as a terraforming bio-tool for the proliferation of angiosperms, these flightless bees are found on countless terraformed rimworlds.\n Apini are often wiped out by the point a planet reaches urbworld status. \n They possess some mamalian DNA, such as complex lung structure. Apini will also happily intergrate themselves into human "hives" if they feel like they have purpose.</Apini.description>

<!-- Pawn Kind -->
<ApiniPlayer.label>qpini</ApiniPlayer.label>
<ApiniPlayer.labelMale>apini drone</ApiniPlayer.labelMale>
<ApiniPlayer.labelFemale>apini</ApiniPlayer.labelFemale>
<ApiniPawn.label>apini</ApiniPawn.label>
<ApiniPawn.labelMale>apini drone</ApiniPawn.labelMale>
<ApiniPawn.labelFemale>apini</ApiniPawn.labelFemale>
<ApiniOverseer.label>overseer</ApiniOverseer.label>
<ApiniOverseer.labelMale>apini overseer</ApiniOverseer.labelMale>
<ApiniOverseer.labelFemale>apini overseer</ApiniOverseer.labelFemale>

<!-- Factions -->
<TribalApiniPlayer.label>Tribal Hive</TribalApiniPlayer.label>
<TribalApiniPlayer.description>A tribe of neolithic Apini.</TribalApiniPlayer.description>
<TribeApini.label>tribal hive</TribeApini.label>
<TribeApini.description>A tribal hive of Apini, they toil hard and long everyday to survive. Apini are not the most intelligent sort, many communities never surpassing a neolithic level of technology. They range from friendly to outright hostile, depending on their previous interactions with humans. \n \nThey are often raided for their delicious honey.</TribeApini.description>

<!-- Hediff -->
<ApiniSmoke.label>respiratory failure</ApiniSmoke.label>
<ApiniSmokeThought.stages.0.label>respiratory failure</ApiniSmokeThought.stages.0.label>
<ApiniSmokeThought.stages.0.description>It's hard to breath</ApiniSmokeThought.stages.0.description>
<ApiniSmokeThought.stages.1.label>respiratory failure</ApiniSmokeThought.stages.1.label>
<ApiniSmokeThought.stages.1.description>It's hard to breath</ApiniSmokeThought.stages.1.description>
<ApiniSmokeThought.stages.2.label>respiratory failure</ApiniSmokeThought.stages.2.label>
<ApiniSmokeThought.stages.2.description>It's hard to breath</ApiniSmokeThought.stages.2.description>
<ApiniSmokeThought.stages.3.label>respiratory failure</ApiniSmokeThought.stages.3.label>
<ApiniSmokeThought.stages.3.description>I feel like i'm suffocating! Somebody help me!</ApiniSmokeThought.stages.3.description>
<ApiniSmokeThought.stages.4.label>respiratory failure</ApiniSmokeThought.stages.4.label>
<ApiniSmokeThought.stages.4.description>I feel like i'm suffocating! Somebody help me!</ApiniSmokeThought.stages.4.description>
<ApiniSmokeThought.stages.5.label>respiratory failure</ApiniSmokeThought.stages.5.label>
<ApiniSmokeThought.stages.5.description>I feel like i'm suffocating! Somebody help me!</ApiniSmokeThought.stages.5.description>
<ApiniSmokeThought.stages.6.label>respiratory failure</ApiniSmokeThought.stages.6.label>
<ApiniSmokeThought.stages.6.description>Can't b-b-breath...</ApiniSmokeThought.stages.6.description>
<ApiniSmokeThought.stages.7.label>respiratory failure</ApiniSmokeThought.stages.7.label>
<ApiniSmokeThought.stages.7.description>Can't b-b-breath...</ApiniSmokeThought.stages.7.description>

<!-- Jobs/Work -->
<FillFermentingVat.reportString>filling TargetA.</FillFermentingVat.reportString>
<TakeThingOutOfFermentingVat.reportString>taking thing out of TargetA.</TakeThingOutOfFermentingVat.reportString>

<FillHoneyFermentingVat.label>fill fermenting vats</FillHoneyFermentingVat.label>
<FillHoneyFermentingVat.verb>fill</FillHoneyFermentingVat.verb>
<FillHoneyFermentingVat.gerund>filling</FillHoneyFermentingVat.gerund>
<TakeHoneyOutOfFermentingVat.label>take honey out of fermenting vat</TakeHoneyOutOfFermentingVat.label>
<TakeHoneyOutOfFermentingVat.verb>take honey</TakeHoneyOutOfFermentingVat.verb>
<TakeHoneyOutOfFermentingVat.gerund>taking honey from</TakeHoneyOutOfFermentingVat.gerund>

<!--Scenario -->
<LostHive.label>Rebuild the Hive</LostHive.label>
<LostHive.description>Territorial humans burnt down your hive, and performed unceremonious regicide upon your queen. You and some other survivors have taken all you could salvage from the wreckage of your hive. \n\n With hopes of rebuilding your hive, you set forth.</LostHive.description>
<LostHive.scenario.name>Rebuild the Hive</LostHive.scenario.name>
<LostHive.scenario.summary>Five lost Apini attempt to rebuild their ransacked hive.</LostHive.scenario.summary>
<LostHive.scenario.description>Territorial humans burnt down your hive, and performed unceremonious regicide upon your queen. You and some other survivors have taken all you could salvage from the wreckage of your hive. \n\n With hopes of rebuilding your hive, you set forth.</LostHive.scenario.description>

<!-- Things -->
<ApiniApron.label>apini apron</ApiniApron.label>
<ApiniApron.description>A basic work apron often worn by Apini. Worn to combat the cold or provide the guise of human decency.</ApiniApron.description>

<ApiniWaxFloor.label>beeswax floor</ApiniWaxFloor.label>
<ApiniWaxFloor.description>Floor made from beeswax. Has a sweet aroma.</ApiniWaxFloor.description>

<PlantFrostbell.label>frostbell</PlantFrostbell.label>
<PlantFrostbell.description>A unique flower that has been cultivated by the apini for centuries. It is often cool to the touch.</PlantFrostbell.description>

<ApiniWax.label>beeswax</ApiniWax.label>
<ApiniWax.description>Wax produced by Apini. Often used for constucting sturdy buildings.</ApiniWax.description>

<ApiniHoney.label>apini honey</ApiniHoney.label>
<ApiniHoney.description>Delicious honey produced by the apini.</ApiniHoney.description>

<HoneyCapsule.label>honey capsule</HoneyCapsule.label>
<HoneyCapsule.description>A hexagonal container for creating honey from pollen.</HoneyCapsule.description>

<Pollen.label>pollen</Pollen.label>
<Pollen.description>A ball of pollen and nectar gathered from flowers. The vital ingredient to make honey.</Pollen.description>

<!-- Thoughts -->
<ApiniInsect.label>ate cooked insect meat</ApiniInsect.label>
<ApiniInsect.description>I ate a meal cooked from gray, slimy insect meat. Eating kin like this is disgusting.</ApiniInsect.description>
<ApiniInsectDirect.label>ate insect meat</ApiniInsectDirect.label>
<ApiniInsectDirect.description>I ate some gray, slimy insect meat. Eating kin like this is utterly awful. I wanna hurl.</ApiniInsectDirect.description>

<!-- Trader -->
<Caravan_Apini_BulkGoods.label>bulk goods trader</Caravan_Apini_BulkGoods.label>

<!--Tutor -->
<BeeswaxMaking.label>Creating Beeswax</BeeswaxMaking.label>
<BeeswaxMaking.description>Beeswax can be produced by Apini at a crafting spot.</BeeswaxMaking.description>
<ApiniMakingHoney.label>Creating Honey</ApiniMakingHoney.label>
<ApiniMakingHoney.description>Delicous honey is produced from pollen harvested from frostbells. The pollen is placed in a honey capsule and ferments into honey.</ApiniMakingHoney.description>

</LanguageData>